{"cameraMode":{"drawMode":0,"name":"Shaded","section":"Shading Mode"},"sceneLighting":true,"audioPlay":false,"sceneViewState":{"showFog":true,"showMaterialUpdate":false,"showSkybox":true,"showFlares":true,"showImageEffects":true,"showParticleSystems":true,"showVisualEffectGraphs":true,"m_FxEnabled":true},"in2DMode":false,"pivot":{"x":83.82218170166016,"y":-123.43643188476563,"z":240.00872802734376},"rotation":{"x":0.29984959959983828,"y":-0.04035818204283714,"z":0.012692601419985295,"w":0.9530676603317261},"size":165.49598693847657,"orthographic":false}