{"cameraMode":{"drawMode":0,"name":"Shaded","section":"Shading Mode"},"sceneLighting":true,"audioPlay":false,"sceneViewState":{"showFog":true,"showMaterialUpdate":false,"showSkybox":true,"showFlares":true,"showImageEffects":true,"showParticleSystems":true,"showVisualEffectGraphs":true,"m_FxEnabled":true},"in2DMode":false,"pivot":{"x":123.70672607421875,"y":-106.18382263183594,"z":245.88148498535157},"rotation":{"x":0.33447927236557009,"y":0.1445070505142212,"z":-0.05198705941438675,"w":0.9298256039619446},"size":168.85604858398438,"orthographic":false}