{"cameraMode":{"drawMode":0,"name":"Shaded","section":"Shading Mode"},"sceneLighting":true,"audioPlay":false,"sceneViewState":{"showFog":true,"showMaterialUpdate":false,"showSkybox":true,"showFlares":true,"showImageEffects":true,"showParticleSystems":true},"in2DMode":false,"pivot":{"x":0.19249115884304048,"y":2.384392738342285,"z":-5.128434181213379},"rotation":{"x":0.1131926104426384,"y":-0.6182949542999268,"z":0.09060215204954148,"w":0.7724580764770508},"size":9.511287689208985,"orthographic":true}